{
  "c01": [
    36.75714285714286,
    500.0,
    364.4142857142857,
    500.0,
    166.11428571428573,
    105.15714285714286,
    140.28571428571428,
    188.74285714285713,
    500.0,
    500.0,
    479.7,
    128.25714285714287,
    115.64285714285714,
    115.6,
    275.4,
    500.0,
    500.0,
    500.0,
    128.6,
    500.0,
    202.81428571428572,
    500.0,
    195.47142857142856,
    500.0,
    101.94285714285714,
    121.1,
    348.85714285714283,
    500.0,
    419.6,
    500.0,
    441.7857142857143,
    162.71428571428572,
    500.0,
    500.0,
    380.0,
    270.5571428571429,
    500.0,
    500.0,
    497.62857142857143,
    104.42857142857143
  ],
  "c02": [
    481.1857142857143,
    9.5,
    170.7,
    271.77142857142854,
    140.1,
    500.0,
    500.0,
    408.1,
    15.914285714285715,
    500.0,
    44.785714285714285,
    140.54285714285714,
    145.97142857142856,
    126.54285714285714,
    500.0,
    500.0,
    118.9,
    205.0857142857143,
    500.0,
    197.1,
    500.0,
    500.0,
    28.085714285714285,
    213.67142857142858,
    152.4857142857143,
    98.15714285714286,
    500.0,
    500.0,
    132.15714285714284,
    230.25714285714287
  ],
  "c03": [
    500.0,
    72.25714285714285,
    95.17142857142858,
    160.4857142857143,
    500.0,
    239.24285714285713,
    255.4857142857143,
    227.68571428571428,
    500.0,
    500.0,
    500.0,
    374.98571428571427,
    44.6,
    412.8,
    500.0,
    444.95714285714286,
    486.4,
    500.0,
    500.0,
    500.0,
    434.3142857142857,
    355.35714285714283,
    500.0,
    500.0,
    500.0,
    149.31428571428572,
    131.02857142857144,
    31.02857142857143,
    175.85714285714286,
    477.74285714285713,
    94.32857142857142,
    500.0,
    500.0,
    89.32857142857142,
    413.87142857142857,
    130.85714285714286,
    217.55714285714285,
    346.4142857142857,
    242.11428571428573,
    500.0
  ],
  "c04": [
    500.0,
    500.0,
    50.08571428571429,
    208.15714285714284,
    416.9714285714286,
    500.0,
    116.04285714285714,
    106.58571428571429,
    500.0,
    409.22857142857146,
    206.87142857142857,
    500.0,
    140.0857142857143,
    500.0,
    500.0,
    107.92857142857143,
    17.542857142857144,
    160.47142857142856,
    500.0,
    150.15714285714284,
    108.7,
    450.25714285714287,
    311.3142857142857,
    500.0,
    376.6857142857143,
    348.3,
    500.0,
    500.0,
    500.0,
    126.22857142857143,
    500.0,
    315.84285714285716,
    499.57142857142856,
    348.7,
    115.22857142857143,
    39.614285714285714,
    488.34285714285716,
    445.75714285714287,
    274.85714285714283,
    500.0
  ],
  "c05": [
    180.11428571428573,
    264.5857142857143,
    500.0,
    500.0,
    500.0,
    480.77142857142854,
    110.0,
    192.35714285714286,
    109.41428571428571,
    437.4142857142857,
    500.0,
    117.65714285714286,
    493.15714285714284,
    228.82857142857142,
    155.4857142857143,
    162.92857142857142,
    104.45714285714286,
    43.142857142857146,
    500.0,
    500.0,
    500.0,
    500.0,
    500.0,
    500.0,
    494.5857142857143,
    126.21428571428571,
    169.24285714285713,
    197.85714285714286,
    500.0,
    84.32857142857142,
    500.0,
    485.6714285714286,
    174.9857142857143,
    93.94285714285714,
    153.94285714285715,
    107.87142857142857,
    200.25714285714287,
    164.4,
    500.0,
    347.5571428571429
  ],
  "c06": [
    76.31428571428572,
    500.0,
    135.6,
    500.0,
    329.04285714285714,
    500.0,
    127.65714285714286,
    500.0,
    497.1,
    150.25714285714287,
    244.55714285714285,
    500.0,
    282.72857142857146,
    500.0,
    104.64285714285714,
    361.65714285714284,
    88.68571428571428,
    500.0,
    84.44285714285714,
    22.228571428571428,
    500.0,
    500.0,
    500.0,
    500.0,
    244.81428571428572,
    365.98571428571427,
    346.4714285714286,
    500.0,
    94.15714285714286,
    500.0,
    500.0,
    500.0,
    500.0,
    122.91428571428571,
    497.5285714285714,
    105.68571428571428,
    500.0,
    235.9857142857143,
    500.0,
    113.18571428571428
  ],
  "c07": [
    176.77142857142857,
    386.1142857142857,
    71.37142857142857,
    113.22857142857143,
    184.64285714285714,
    500.0,
    500.0,
    476.2,
    500.0,
    110.44285714285714,
    500.0,
    163.3,
    305.6142857142857,
    300.0571428571429,
    500.0,
    500.0,
    500.0,
    156.12857142857143,
    139.12857142857143,
    500.0,
    211.8,
    109.44285714285714,
    500.0,
    416.37142857142857,
    102.0,
    500.0,
    461.57142857142856,
    500.0,
    489.51428571428573,
    500.0,
    500.0,
    456.7142857142857,
    476.0,
    353.7142857142857,
    500.0,
    198.12857142857143,
    500.0,
    495.1,
    458.7,
    500.0
  ],
  "c08": [
    423.45714285714286,
    370.2,
    119.47142857142858,
    90.88571428571429,
    500.0,
    485.87142857142857,
    300.12857142857143,
    500.0,
    114.28571428571429,
    198.72857142857143,
    10.17142857142857,
    122.1,
    433.0285714285714,
    122.84285714285714,
    112.21428571428571,
    76.84285714285714,
    500.0,
    500.0,
    500.0,
    288.2142857142857,
    493.9714285714286,
    500.0,
    500.0,
    500.0,
    143.78571428571428,
    133.85714285714286,
    78.64285714285714,
    500.0,
    171.74285714285713,
    245.85714285714286,
    471.42857142857144,
    42.72857142857143,
    54.75714285714286,
    484.1,
    500.0,
    500.0,
    437.15714285714284,
    65.82857142857142,
    500.0,
    147.95714285714286
  ],
  "c09": [
    410.0571428571429,
    126.47142857142858,
    196.15714285714284,
    130.14285714285714,
    159.27142857142857,
    172.77142857142857,
    133.6,
    500.0,
    133.24285714285713,
    491.27142857142854,
    500.0,
    457.7,
    238.2,
    31.65714285714286,
    104.78571428571429,
    213.64285714285714,
    500.0,
    500.0,
    136.0,
    500.0,
    495.22857142857146,
    9.4,
    500.0,
    325.5857142857143,
    500.0,
    67.57142857142857,
    125.44285714285714,
    329.3,
    179.35714285714286,
    500.0,
    139.17142857142858,
    500.0,
    500.0,
    454.0285714285714,
    236.1,
    500.0,
    254.97142857142856,
    118.45714285714286,
    500.0,
    500.0
  ],
  "c10": [
    500.0,
    293.8142857142857,
    140.0857142857143,
    193.84285714285716,
    217.5142857142857,
    500.0,
    178.17142857142858,
    280.77142857142854,
    500.0,
    500.0,
    116.75714285714285,
    493.5,
    497.01428571428573,
    346.3142857142857,
    500.0,
    500.0,
    500.0,
    500.0,
    500.0,
    167.55714285714285,
    500.0,
    495.51428571428573,
    167.65714285714284,
    149.71428571428572,
    500.0,
    220.31428571428572,
    493.5,
    344.84285714285716,
    500.0,
    367.9142857142857,
    492.34285714285716,
    500.0,
    500.0,
    500.0,
    130.55714285714285,
    500.0,
    499.01428571428573,
    500.0,
    96.71428571428571,
    500.0
  ]
}